subject,strategy,repeat,n_trials,accuracy
1,active,0,16,0.4583333333333333
1,active,0,32,0.6354166666666666
1,active,0,48,0.7430555555555556
1,active,0,64,0.7256944444444444
1,active,0,80,0.7534722222222222
1,active,0,96,0.7604166666666666
1,active,0,112,0.75
1,active,0,128,0.7534722222222222
1,active,0,144,0.7673611111111112
1,active,0,160,0.7708333333333334
1,active,0,176,0.8020833333333334
1,active,0,192,0.8090277777777778
1,active,0,208,0.8055555555555556
1,active,0,224,0.8090277777777778
1,active,0,240,0.8055555555555556
1,active,0,256,0.8125
1,active,0,272,0.8020833333333334
1,active,0,288,0.8090277777777778
1,as_collected,0,16,0.4583333333333333
1,as_collected,0,32,0.6284722222222222
1,as_collected,0,48,0.7152777777777778
1,as_collected,0,64,0.7361111111111112
1,as_collected,0,80,0.7291666666666666
1,as_collected,0,96,0.75
1,as_collected,0,112,0.7916666666666666
1,as_collected,0,128,0.7986111111111112
1,as_collected,0,144,0.8090277777777778
1,as_collected,0,160,0.8229166666666666
1,as_collected,0,176,0.8055555555555556
1,as_collected,0,192,0.8333333333333334
1,as_collected,0,208,0.8125
1,as_collected,0,224,0.8020833333333334
1,as_collected,0,240,0.8090277777777778
1,as_collected,0,256,0.8020833333333334
1,as_collected,0,272,0.8125
1,as_collected,0,288,0.8090277777777778
1,random,0,16,0.4583333333333333
1,random,0,32,0.6076388888888888
1,random,0,48,0.7395833333333334
1,random,0,64,0.7569444444444444
1,random,0,80,0.7534722222222222
1,random,0,96,0.7708333333333334
1,random,0,112,0.7534722222222222
1,random,0,128,0.7916666666666666
1,random,0,144,0.7847222222222222
1,random,0,160,0.8020833333333334
1,random,0,176,0.8159722222222222
1,random,0,192,0.8020833333333334
1,random,0,208,0.7847222222222222
1,random,0,224,0.7916666666666666
1,random,0,240,0.7986111111111112
1,random,0,256,0.7951388888888888
1,random,0,272,0.7881944444444444
1,random,0,288,0.8090277777777778
1,random,1,16,0.4583333333333333
1,random,1,32,0.625
1,random,1,48,0.7118055555555556
1,random,1,64,0.7326388888888888
1,random,1,80,0.7569444444444444
1,random,1,96,0.75
1,random,1,112,0.7569444444444444
1,random,1,128,0.7777777777777778
1,random,1,144,0.78125
1,random,1,160,0.78125
1,random,1,176,0.7881944444444444
1,random,1,192,0.7777777777777778
1,random,1,208,0.7951388888888888
1,random,1,224,0.7916666666666666
1,random,1,240,0.8090277777777778
1,random,1,256,0.7951388888888888
1,random,1,272,0.8090277777777778
1,random,1,288,0.8090277777777778
1,random,2,16,0.4583333333333333
1,random,2,32,0.6666666666666666
1,random,2,48,0.7048611111111112
1,random,2,64,0.6909722222222222
1,random,2,80,0.7986111111111112
1,random,2,96,0.7916666666666666
1,random,2,112,0.8125
1,random,2,128,0.8229166666666666
1,random,2,144,0.8194444444444444
1,random,2,160,0.8194444444444444
1,random,2,176,0.8229166666666666
1,random,2,192,0.8125
1,random,2,208,0.8125
1,random,2,224,0.8263888888888888
1,random,2,240,0.8298611111111112
1,random,2,256,0.8263888888888888
1,random,2,272,0.8229166666666666
1,random,2,288,0.8090277777777778
1,random,3,16,0.4583333333333333
1,random,3,32,0.5416666666666666
1,random,3,48,0.7326388888888888
1,random,3,64,0.7395833333333334
1,random,3,80,0.7986111111111112
1,random,3,96,0.8090277777777778
1,random,3,112,0.8298611111111112
1,random,3,128,0.7881944444444444
1,random,3,144,0.7777777777777778
1,random,3,160,0.7916666666666666
1,random,3,176,0.78125
1,random,3,192,0.7777777777777778
1,random,3,208,0.7951388888888888
1,random,3,224,0.7986111111111112
1,random,3,240,0.7986111111111112
1,random,3,256,0.8020833333333334
1,random,3,272,0.7986111111111112
1,random,3,288,0.8090277777777778
1,random,4,16,0.4583333333333333
1,random,4,32,0.5902777777777778
1,random,4,48,0.7361111111111112
1,random,4,64,0.6979166666666666
1,random,4,80,0.7118055555555556
1,random,4,96,0.7777777777777778
1,random,4,112,0.78125
1,random,4,128,0.7951388888888888
1,random,4,144,0.7638888888888888
1,random,4,160,0.7847222222222222
1,random,4,176,0.7951388888888888
1,random,4,192,0.7951388888888888
1,random,4,208,0.7881944444444444
1,random,4,224,0.7743055555555556
1,random,4,240,0.8020833333333334
1,random,4,256,0.7986111111111112
1,random,4,272,0.8159722222222222
1,random,4,288,0.8090277777777778
2,active,0,16,0.3020833333333333
2,active,0,32,0.3854166666666667
2,active,0,48,0.3958333333333333
2,active,0,64,0.4270833333333333
2,active,0,80,0.4236111111111111
2,active,0,96,0.4548611111111111
2,active,0,112,0.4305555555555556
2,active,0,128,0.4027777777777778
2,active,0,144,0.4895833333333333
2,active,0,160,0.4895833333333333
2,active,0,176,0.4791666666666667
2,active,0,192,0.4548611111111111
2,active,0,208,0.4756944444444444
2,active,0,224,0.4513888888888889
2,active,0,240,0.46875
2,active,0,256,0.46875
2,active,0,272,0.4548611111111111
2,active,0,288,0.4444444444444444
2,as_collected,0,16,0.3020833333333333
2,as_collected,0,32,0.3472222222222222
2,as_collected,0,48,0.3402777777777778
2,as_collected,0,64,0.40625
2,as_collected,0,80,0.3819444444444444
2,as_collected,0,96,0.3958333333333333
2,as_collected,0,112,0.4166666666666667
2,as_collected,0,128,0.4097222222222222
2,as_collected,0,144,0.4409722222222222
2,as_collected,0,160,0.4861111111111111
2,as_collected,0,176,0.4583333333333333
2,as_collected,0,192,0.4409722222222222
2,as_collected,0,208,0.4513888888888889
2,as_collected,0,224,0.4409722222222222
2,as_collected,0,240,0.4791666666666667
2,as_collected,0,256,0.5034722222222222
2,as_collected,0,272,0.4375
2,as_collected,0,288,0.4444444444444444
2,random,0,16,0.3020833333333333
2,random,0,32,0.3159722222222222
2,random,0,48,0.4340277777777778
2,random,0,64,0.4131944444444444
2,random,0,80,0.4340277777777778
2,random,0,96,0.4166666666666667
2,random,0,112,0.4409722222222222
2,random,0,128,0.4305555555555556
2,random,0,144,0.4305555555555556
2,random,0,160,0.4236111111111111
2,random,0,176,0.4340277777777778
2,random,0,192,0.4270833333333333
2,random,0,208,0.4305555555555556
2,random,0,224,0.4861111111111111
2,random,0,240,0.4444444444444444
2,random,0,256,0.4479166666666667
2,random,0,272,0.4618055555555556
2,random,0,288,0.4444444444444444
2,random,1,16,0.3020833333333333
2,random,1,32,0.3402777777777778
2,random,1,48,0.3715277777777778
2,random,1,64,0.4097222222222222
2,random,1,80,0.3958333333333333
2,random,1,96,0.4236111111111111
2,random,1,112,0.4027777777777778
2,random,1,128,0.4826388888888889
2,random,1,144,0.5
2,random,1,160,0.4375
2,random,1,176,0.4444444444444444
2,random,1,192,0.4375
2,random,1,208,0.4409722222222222
2,random,1,224,0.46875
2,random,1,240,0.4618055555555556
2,random,1,256,0.4444444444444444
2,random,1,272,0.4861111111111111
2,random,1,288,0.4444444444444444
2,random,2,16,0.3020833333333333
2,random,2,32,0.3194444444444444
2,random,2,48,0.3958333333333333
2,random,2,64,0.4444444444444444
2,random,2,80,0.375
2,random,2,96,0.3368055555555556
2,random,2,112,0.3715277777777778
2,random,2,128,0.3819444444444444
2,random,2,144,0.4548611111111111
2,random,2,160,0.4409722222222222
2,random,2,176,0.4861111111111111
2,random,2,192,0.4965277777777778
2,random,2,208,0.4756944444444444
2,random,2,224,0.4791666666666667
2,random,2,240,0.46875
2,random,2,256,0.4479166666666667
2,random,2,272,0.4375
2,random,2,288,0.4444444444444444
2,random,3,16,0.3020833333333333
2,random,3,32,0.375
2,random,3,48,0.2951388888888889
2,random,3,64,0.3333333333333333
2,random,3,80,0.3298611111111111
2,random,3,96,0.4236111111111111
2,random,3,112,0.4444444444444444
2,random,3,128,0.4305555555555556
2,random,3,144,0.46875
2,random,3,160,0.4375
2,random,3,176,0.46875
2,random,3,192,0.4583333333333333
2,random,3,208,0.4166666666666667
2,random,3,224,0.4270833333333333
2,random,3,240,0.4270833333333333
2,random,3,256,0.4375
2,random,3,272,0.4409722222222222
2,random,3,288,0.4444444444444444
2,random,4,16,0.3020833333333333
2,random,4,32,0.2847222222222222
2,random,4,48,0.3611111111111111
2,random,4,64,0.3715277777777778
2,random,4,80,0.4236111111111111
2,random,4,96,0.4479166666666667
2,random,4,112,0.3715277777777778
2,random,4,128,0.4305555555555556
2,random,4,144,0.4097222222222222
2,random,4,160,0.4027777777777778
2,random,4,176,0.3958333333333333
2,random,4,192,0.3819444444444444
2,random,4,208,0.4097222222222222
2,random,4,224,0.4375
2,random,4,240,0.4444444444444444
2,random,4,256,0.4479166666666667
2,random,4,272,0.4479166666666667
2,random,4,288,0.4444444444444444
3,active,0,16,0.5347222222222222
3,active,0,32,0.75
3,active,0,48,0.7708333333333334
3,active,0,64,0.7673611111111112
3,active,0,80,0.7951388888888888
3,active,0,96,0.7847222222222222
3,active,0,112,0.8055555555555556
3,active,0,128,0.8194444444444444
3,active,0,144,0.8263888888888888
3,active,0,160,0.8159722222222222
3,active,0,176,0.8263888888888888
3,active,0,192,0.8125
3,active,0,208,0.8194444444444444
3,active,0,224,0.8229166666666666
3,active,0,240,0.8159722222222222
3,active,0,256,0.8090277777777778
3,active,0,272,0.8229166666666666
3,active,0,288,0.8159722222222222
3,as_collected,0,16,0.5347222222222222
3,as_collected,0,32,0.6770833333333334
3,as_collected,0,48,0.8402777777777778
3,as_collected,0,64,0.8090277777777778
3,as_collected,0,80,0.8263888888888888
3,as_collected,0,96,0.8229166666666666
3,as_collected,0,112,0.7986111111111112
3,as_collected,0,128,0.8125
3,as_collected,0,144,0.8020833333333334
3,as_collected,0,160,0.8020833333333334
3,as_collected,0,176,0.8194444444444444
3,as_collected,0,192,0.8090277777777778
3,as_collected,0,208,0.8125
3,as_collected,0,224,0.8159722222222222
3,as_collected,0,240,0.8194444444444444
3,as_collected,0,256,0.8298611111111112
3,as_collected,0,272,0.8263888888888888
3,as_collected,0,288,0.8159722222222222
3,random,0,16,0.5347222222222222
3,random,0,32,0.7361111111111112
3,random,0,48,0.7326388888888888
3,random,0,64,0.7743055555555556
3,random,0,80,0.7916666666666666
3,random,0,96,0.7881944444444444
3,random,0,112,0.8020833333333334
3,random,0,128,0.8020833333333334
3,random,0,144,0.8125
3,random,0,160,0.8125
3,random,0,176,0.8125
3,random,0,192,0.8125
3,random,0,208,0.7986111111111112
3,random,0,224,0.8159722222222222
3,random,0,240,0.8263888888888888
3,random,0,256,0.8090277777777778
3,random,0,272,0.8229166666666666
3,random,0,288,0.8159722222222222
3,random,1,16,0.5347222222222222
3,random,1,32,0.6631944444444444
3,random,1,48,0.7534722222222222
3,random,1,64,0.7743055555555556
3,random,1,80,0.8055555555555556
3,random,1,96,0.8194444444444444
3,random,1,112,0.7986111111111112
3,random,1,128,0.8055555555555556
3,random,1,144,0.8125
3,random,1,160,0.7951388888888888
3,random,1,176,0.7986111111111112
3,random,1,192,0.8020833333333334
3,random,1,208,0.8125
3,random,1,224,0.8194444444444444
3,random,1,240,0.8194444444444444
3,random,1,256,0.8159722222222222
3,random,1,272,0.8159722222222222
3,random,1,288,0.8159722222222222
3,random,2,16,0.5347222222222222
3,random,2,32,0.6631944444444444
3,random,2,48,0.7847222222222222
3,random,2,64,0.7638888888888888
3,random,2,80,0.7569444444444444
3,random,2,96,0.7916666666666666
3,random,2,112,0.7951388888888888
3,random,2,128,0.8125
3,random,2,144,0.8020833333333334
3,random,2,160,0.8020833333333334
3,random,2,176,0.7986111111111112
3,random,2,192,0.7916666666666666
3,random,2,208,0.8159722222222222
3,random,2,224,0.8090277777777778
3,random,2,240,0.8194444444444444
3,random,2,256,0.8229166666666666
3,random,2,272,0.8194444444444444
3,random,2,288,0.8159722222222222
3,random,3,16,0.5347222222222222
3,random,3,32,0.7361111111111112
3,random,3,48,0.7430555555555556
3,random,3,64,0.7881944444444444
3,random,3,80,0.78125
3,random,3,96,0.7847222222222222
3,random,3,112,0.78125
3,random,3,128,0.8055555555555556
3,random,3,144,0.8055555555555556
3,random,3,160,0.8159722222222222
3,random,3,176,0.8020833333333334
3,random,3,192,0.8263888888888888
3,random,3,208,0.7951388888888888
3,random,3,224,0.8090277777777778
3,random,3,240,0.8055555555555556
3,random,3,256,0.8194444444444444
3,random,3,272,0.8055555555555556
3,random,3,288,0.8159722222222222
3,random,4,16,0.5347222222222222
3,random,4,32,0.6944444444444444
3,random,4,48,0.7118055555555556
3,random,4,64,0.7395833333333334
3,random,4,80,0.7361111111111112
3,random,4,96,0.8194444444444444
3,random,4,112,0.7916666666666666
3,random,4,128,0.8055555555555556
3,random,4,144,0.8229166666666666
3,random,4,160,0.8159722222222222
3,random,4,176,0.8159722222222222
3,random,4,192,0.8020833333333334
3,random,4,208,0.8020833333333334
3,random,4,224,0.8090277777777778
3,random,4,240,0.8229166666666666
3,random,4,256,0.8125
3,random,4,272,0.8090277777777778
3,random,4,288,0.8159722222222222
4,active,0,16,0.23958333333333334
4,active,0,32,0.3472222222222222
4,active,0,48,0.4479166666666667
4,active,0,64,0.4027777777777778
4,active,0,80,0.3715277777777778
4,active,0,96,0.4756944444444444
4,active,0,112,0.4513888888888889
4,active,0,128,0.5034722222222222
4,active,0,144,0.5694444444444444
4,active,0,160,0.5902777777777778
4,active,0,176,0.5833333333333334
4,active,0,192,0.6076388888888888
4,active,0,208,0.5972222222222222
4,active,0,224,0.6041666666666666
4,active,0,240,0.5902777777777778
4,active,0,256,0.6180555555555556
4,active,0,272,0.5868055555555556
4,active,0,288,0.6076388888888888
4,as_collected,0,16,0.23958333333333334
4,as_collected,0,32,0.3958333333333333
4,as_collected,0,48,0.5034722222222222
4,as_collected,0,64,0.4618055555555556
4,as_collected,0,80,0.4722222222222222
4,as_collected,0,96,0.5243055555555556
4,as_collected,0,112,0.4861111111111111
4,as_collected,0,128,0.5069444444444444
4,as_collected,0,144,0.53125
4,as_collected,0,160,0.5902777777777778
4,as_collected,0,176,0.5590277777777778
4,as_collected,0,192,0.5555555555555556
4,as_collected,0,208,0.5729166666666666
4,as_collected,0,224,0.5625
4,as_collected,0,240,0.5625
4,as_collected,0,256,0.5763888888888888
4,as_collected,0,272,0.5763888888888888
4,as_collected,0,288,0.6076388888888888
4,random,0,16,0.23958333333333334
4,random,0,32,0.3993055555555556
4,random,0,48,0.5
4,random,0,64,0.5034722222222222
4,random,0,80,0.5868055555555556
4,random,0,96,0.4895833333333333
4,random,0,112,0.6145833333333334
4,random,0,128,0.5451388888888888
4,random,0,144,0.5972222222222222
4,random,0,160,0.6111111111111112
4,random,0,176,0.6111111111111112
4,random,0,192,0.59375
4,random,0,208,0.625
4,random,0,224,0.6388888888888888
4,random,0,240,0.625
4,random,0,256,0.6180555555555556
4,random,0,272,0.6145833333333334
4,random,0,288,0.6076388888888888
4,random,1,16,0.23958333333333334
4,random,1,32,0.3472222222222222
4,random,1,48,0.4027777777777778
4,random,1,64,0.4756944444444444
4,random,1,80,0.5520833333333334
4,random,1,96,0.5798611111111112
4,random,1,112,0.5590277777777778
4,random,1,128,0.5868055555555556
4,random,1,144,0.5659722222222222
4,random,1,160,0.5763888888888888
4,random,1,176,0.5243055555555556
4,random,1,192,0.5659722222222222
4,random,1,208,0.5173611111111112
4,random,1,224,0.5763888888888888
4,random,1,240,0.6006944444444444
4,random,1,256,0.6076388888888888
4,random,1,272,0.625
4,random,1,288,0.6076388888888888
4,random,2,16,0.23958333333333334
4,random,2,32,0.3958333333333333
4,random,2,48,0.4375
4,random,2,64,0.5138888888888888
4,random,2,80,0.5486111111111112
4,random,2,96,0.5277777777777778
4,random,2,112,0.5902777777777778
4,random,2,128,0.5972222222222222
4,random,2,144,0.6319444444444444
4,random,2,160,0.6284722222222222
4,random,2,176,0.6319444444444444
4,random,2,192,0.6215277777777778
4,random,2,208,0.6180555555555556
4,random,2,224,0.6111111111111112
4,random,2,240,0.625
4,random,2,256,0.6284722222222222
4,random,2,272,0.6354166666666666
4,random,2,288,0.6076388888888888
4,random,3,16,0.23958333333333334
4,random,3,32,0.3784722222222222
4,random,3,48,0.4722222222222222
4,random,3,64,0.4722222222222222
4,random,3,80,0.4895833333333333
4,random,3,96,0.5104166666666666
4,random,3,112,0.5138888888888888
4,random,3,128,0.5347222222222222
4,random,3,144,0.5729166666666666
4,random,3,160,0.5381944444444444
4,random,3,176,0.5173611111111112
4,random,3,192,0.6111111111111112
4,random,3,208,0.5694444444444444
4,random,3,224,0.5729166666666666
4,random,3,240,0.5833333333333334
4,random,3,256,0.6319444444444444
4,random,3,272,0.6284722222222222
4,random,3,288,0.6076388888888888
4,random,4,16,0.23958333333333334
4,random,4,32,0.3298611111111111
4,random,4,48,0.4201388888888889
4,random,4,64,0.5381944444444444
4,random,4,80,0.5555555555555556
4,random,4,96,0.4895833333333333
4,random,4,112,0.5451388888888888
4,random,4,128,0.5
4,random,4,144,0.5625
4,random,4,160,0.5902777777777778
4,random,4,176,0.5868055555555556
4,random,4,192,0.6111111111111112
4,random,4,208,0.6215277777777778
4,random,4,224,0.5902777777777778
4,random,4,240,0.6319444444444444
4,random,4,256,0.6145833333333334
4,random,4,272,0.6111111111111112
4,random,4,288,0.6076388888888888
5,active,0,16,0.2569444444444444
5,active,0,32,0.2986111111111111
5,active,0,48,0.375
5,active,0,64,0.3958333333333333
5,active,0,80,0.3541666666666667
5,active,0,96,0.3680555555555556
5,active,0,112,0.40625
5,active,0,128,0.3715277777777778
5,active,0,144,0.4131944444444444
5,active,0,160,0.4166666666666667
5,active,0,176,0.3958333333333333
5,active,0,192,0.4097222222222222
5,active,0,208,0.3784722222222222
5,active,0,224,0.3819444444444444
5,active,0,240,0.3993055555555556
5,active,0,256,0.3958333333333333
5,active,0,272,0.4270833333333333
5,active,0,288,0.4236111111111111
5,as_collected,0,16,0.2569444444444444
5,as_collected,0,32,0.3194444444444444
5,as_collected,0,48,0.2777777777777778
5,as_collected,0,64,0.3472222222222222
5,as_collected,0,80,0.3125
5,as_collected,0,96,0.3159722222222222
5,as_collected,0,112,0.3125
5,as_collected,0,128,0.3333333333333333
5,as_collected,0,144,0.3263888888888889
5,as_collected,0,160,0.3854166666666667
5,as_collected,0,176,0.4201388888888889
5,as_collected,0,192,0.3472222222222222
5,as_collected,0,208,0.3576388888888889
5,as_collected,0,224,0.3923611111111111
5,as_collected,0,240,0.3888888888888889
5,as_collected,0,256,0.3854166666666667
5,as_collected,0,272,0.3854166666666667
5,as_collected,0,288,0.4236111111111111
5,random,0,16,0.2569444444444444
5,random,0,32,0.3020833333333333
5,random,0,48,0.3055555555555556
5,random,0,64,0.3506944444444444
5,random,0,80,0.3611111111111111
5,random,0,96,0.3333333333333333
5,random,0,112,0.3993055555555556
5,random,0,128,0.3958333333333333
5,random,0,144,0.3819444444444444
5,random,0,160,0.3923611111111111
5,random,0,176,0.4131944444444444
5,random,0,192,0.3784722222222222
5,random,0,208,0.4201388888888889
5,random,0,224,0.3402777777777778
5,random,0,240,0.34375
5,random,0,256,0.3958333333333333
5,random,0,272,0.4375
5,random,0,288,0.4236111111111111
5,random,1,16,0.2569444444444444
5,random,1,32,0.3263888888888889
5,random,1,48,0.3229166666666667
5,random,1,64,0.3506944444444444
5,random,1,80,0.3506944444444444
5,random,1,96,0.34375
5,random,1,112,0.3680555555555556
5,random,1,128,0.4166666666666667
5,random,1,144,0.3888888888888889
5,random,1,160,0.3854166666666667
5,random,1,176,0.3472222222222222
5,random,1,192,0.3645833333333333
5,random,1,208,0.3576388888888889
5,random,1,224,0.3819444444444444
5,random,1,240,0.3715277777777778
5,random,1,256,0.4166666666666667
5,random,1,272,0.3958333333333333
5,random,1,288,0.4236111111111111
5,random,2,16,0.2569444444444444
5,random,2,32,0.3055555555555556
5,random,2,48,0.3402777777777778
5,random,2,64,0.3958333333333333
5,random,2,80,0.3784722222222222
5,random,2,96,0.3923611111111111
5,random,2,112,0.3819444444444444
5,random,2,128,0.3645833333333333
5,random,2,144,0.40625
5,random,2,160,0.3958333333333333
5,random,2,176,0.3645833333333333
5,random,2,192,0.3993055555555556
5,random,2,208,0.4166666666666667
5,random,2,224,0.4097222222222222
5,random,2,240,0.3923611111111111
5,random,2,256,0.3958333333333333
5,random,2,272,0.3923611111111111
5,random,2,288,0.4236111111111111
5,random,3,16,0.2569444444444444
5,random,3,32,0.2881944444444444
5,random,3,48,0.2881944444444444
5,random,3,64,0.3194444444444444
5,random,3,80,0.3125
5,random,3,96,0.3090277777777778
5,random,3,112,0.3333333333333333
5,random,3,128,0.3819444444444444
5,random,3,144,0.3715277777777778
5,random,3,160,0.3368055555555556
5,random,3,176,0.34375
5,random,3,192,0.3402777777777778
5,random,3,208,0.3402777777777778
5,random,3,224,0.40625
5,random,3,240,0.375
5,random,3,256,0.4027777777777778
5,random,3,272,0.3993055555555556
5,random,3,288,0.4236111111111111
5,random,4,16,0.2569444444444444
5,random,4,32,0.2673611111111111
5,random,4,48,0.3125
5,random,4,64,0.2708333333333333
5,random,4,80,0.3298611111111111
5,random,4,96,0.3576388888888889
5,random,4,112,0.4097222222222222
5,random,4,128,0.3888888888888889
5,random,4,144,0.3784722222222222
5,random,4,160,0.3923611111111111
5,random,4,176,0.40625
5,random,4,192,0.3819444444444444
5,random,4,208,0.4305555555555556
5,random,4,224,0.4131944444444444
5,random,4,240,0.3611111111111111
5,random,4,256,0.3993055555555556
5,random,4,272,0.3888888888888889
5,random,4,288,0.4236111111111111
6,active,0,16,0.34375
6,active,0,32,0.2951388888888889
6,active,0,48,0.3298611111111111
6,active,0,64,0.3506944444444444
6,active,0,80,0.4340277777777778
6,active,0,96,0.4791666666666667
6,active,0,112,0.4444444444444444
6,active,0,128,0.4861111111111111
6,active,0,144,0.4444444444444444
6,active,0,160,0.4791666666666667
6,active,0,176,0.5
6,active,0,192,0.4722222222222222
6,active,0,208,0.4618055555555556
6,active,0,224,0.5034722222222222
6,active,0,240,0.4756944444444444
6,active,0,256,0.4722222222222222
6,active,0,272,0.4791666666666667
6,active,0,288,0.4930555555555556
6,as_collected,0,16,0.34375
6,as_collected,0,32,0.3923611111111111
6,as_collected,0,48,0.375
6,as_collected,0,64,0.3854166666666667
6,as_collected,0,80,0.3993055555555556
6,as_collected,0,96,0.4236111111111111
6,as_collected,0,112,0.4131944444444444
6,as_collected,0,128,0.4652777777777778
6,as_collected,0,144,0.4479166666666667
6,as_collected,0,160,0.4513888888888889
6,as_collected,0,176,0.4791666666666667
6,as_collected,0,192,0.4930555555555556
6,as_collected,0,208,0.46875
6,as_collected,0,224,0.4965277777777778
6,as_collected,0,240,0.5
6,as_collected,0,256,0.4409722222222222
6,as_collected,0,272,0.5381944444444444
6,as_collected,0,288,0.4930555555555556
6,random,0,16,0.34375
6,random,0,32,0.3506944444444444
6,random,0,48,0.3888888888888889
6,random,0,64,0.3819444444444444
6,random,0,80,0.3993055555555556
6,random,0,96,0.4166666666666667
6,random,0,112,0.4305555555555556
6,random,0,128,0.4166666666666667
6,random,0,144,0.4375
6,random,0,160,0.4583333333333333
6,random,0,176,0.4236111111111111
6,random,0,192,0.5
6,random,0,208,0.4791666666666667
6,random,0,224,0.4791666666666667
6,random,0,240,0.5034722222222222
6,random,0,256,0.5173611111111112
6,random,0,272,0.5277777777777778
6,random,0,288,0.4930555555555556
6,random,1,16,0.34375
6,random,1,32,0.3784722222222222
6,random,1,48,0.3506944444444444
6,random,1,64,0.3715277777777778
6,random,1,80,0.3541666666666667
6,random,1,96,0.4236111111111111
6,random,1,112,0.4548611111111111
6,random,1,128,0.46875
6,random,1,144,0.4409722222222222
6,random,1,160,0.4895833333333333
6,random,1,176,0.4722222222222222
6,random,1,192,0.4895833333333333
6,random,1,208,0.4791666666666667
6,random,1,224,0.5
6,random,1,240,0.4861111111111111
6,random,1,256,0.4652777777777778
6,random,1,272,0.4618055555555556
6,random,1,288,0.4930555555555556
6,random,2,16,0.34375
6,random,2,32,0.4444444444444444
6,random,2,48,0.3402777777777778
6,random,2,64,0.4305555555555556
6,random,2,80,0.3888888888888889
6,random,2,96,0.4618055555555556
6,random,2,112,0.4375
6,random,2,128,0.4236111111111111
6,random,2,144,0.4618055555555556
6,random,2,160,0.4131944444444444
6,random,2,176,0.3993055555555556
6,random,2,192,0.4340277777777778
6,random,2,208,0.4861111111111111
6,random,2,224,0.4583333333333333
6,random,2,240,0.46875
6,random,2,256,0.46875
6,random,2,272,0.4965277777777778
6,random,2,288,0.4930555555555556
6,random,3,16,0.34375
6,random,3,32,0.3888888888888889
6,random,3,48,0.3854166666666667
6,random,3,64,0.3715277777777778
6,random,3,80,0.4166666666666667
6,random,3,96,0.4375
6,random,3,112,0.4166666666666667
6,random,3,128,0.4479166666666667
6,random,3,144,0.4131944444444444
6,random,3,160,0.4756944444444444
6,random,3,176,0.4826388888888889
6,random,3,192,0.4513888888888889
6,random,3,208,0.4756944444444444
6,random,3,224,0.4756944444444444
6,random,3,240,0.4861111111111111
6,random,3,256,0.4895833333333333
6,random,3,272,0.4965277777777778
6,random,3,288,0.4930555555555556
6,random,4,16,0.34375
6,random,4,32,0.4166666666666667
6,random,4,48,0.2951388888888889
6,random,4,64,0.34375
6,random,4,80,0.3645833333333333
6,random,4,96,0.4027777777777778
6,random,4,112,0.3784722222222222
6,random,4,128,0.3888888888888889
6,random,4,144,0.4305555555555556
6,random,4,160,0.4131944444444444
6,random,4,176,0.4409722222222222
6,random,4,192,0.4340277777777778
6,random,4,208,0.4375
6,random,4,224,0.4895833333333333
6,random,4,240,0.4895833333333333
6,random,4,256,0.4965277777777778
6,random,4,272,0.5034722222222222
6,random,4,288,0.4930555555555556
7,active,0,16,0.6319444444444444
7,active,0,32,0.6388888888888888
7,active,0,48,0.6770833333333334
7,active,0,64,0.625
7,active,0,80,0.6527777777777778
7,active,0,96,0.6909722222222222
7,active,0,112,0.7569444444444444
7,active,0,128,0.7604166666666666
7,active,0,144,0.7777777777777778
7,active,0,160,0.8125
7,active,0,176,0.8368055555555556
7,active,0,192,0.8020833333333334
7,active,0,208,0.8194444444444444
7,active,0,224,0.7951388888888888
7,active,0,240,0.8090277777777778
7,active,0,256,0.8333333333333334
7,active,0,272,0.8229166666666666
7,active,0,288,0.7847222222222222
7,as_collected,0,16,0.6319444444444444
7,as_collected,0,32,0.6354166666666666
7,as_collected,0,48,0.7708333333333334
7,as_collected,0,64,0.7743055555555556
7,as_collected,0,80,0.7916666666666666
7,as_collected,0,96,0.8055555555555556
7,as_collected,0,112,0.8541666666666666
7,as_collected,0,128,0.8472222222222222
7,as_collected,0,144,0.8194444444444444
7,as_collected,0,160,0.8229166666666666
7,as_collected,0,176,0.8368055555555556
7,as_collected,0,192,0.8368055555555556
7,as_collected,0,208,0.7916666666666666
7,as_collected,0,224,0.7881944444444444
7,as_collected,0,240,0.8055555555555556
7,as_collected,0,256,0.8298611111111112
7,as_collected,0,272,0.8333333333333334
7,as_collected,0,288,0.7847222222222222
7,random,0,16,0.6319444444444444
7,random,0,32,0.5625
7,random,0,48,0.6527777777777778
7,random,0,64,0.7048611111111112
7,random,0,80,0.7604166666666666
7,random,0,96,0.7673611111111112
7,random,0,112,0.7847222222222222
7,random,0,128,0.7881944444444444
7,random,0,144,0.7986111111111112
7,random,0,160,0.7881944444444444
7,random,0,176,0.8020833333333334
7,random,0,192,0.8229166666666666
7,random,0,208,0.8159722222222222
7,random,0,224,0.7986111111111112
7,random,0,240,0.8194444444444444
7,random,0,256,0.7951388888888888
7,random,0,272,0.8263888888888888
7,random,0,288,0.7847222222222222
7,random,1,16,0.6319444444444444
7,random,1,32,0.6979166666666666
7,random,1,48,0.6944444444444444
7,random,1,64,0.7256944444444444
7,random,1,80,0.7465277777777778
7,random,1,96,0.7465277777777778
7,random,1,112,0.7465277777777778
7,random,1,128,0.8229166666666666
7,random,1,144,0.8298611111111112
7,random,1,160,0.8506944444444444
7,random,1,176,0.8541666666666666
7,random,1,192,0.84375
7,random,1,208,0.8506944444444444
7,random,1,224,0.84375
7,random,1,240,0.8159722222222222
7,random,1,256,0.8125
7,random,1,272,0.8298611111111112
7,random,1,288,0.7847222222222222
7,random,2,16,0.6319444444444444
7,random,2,32,0.7013888888888888
7,random,2,48,0.7118055555555556
7,random,2,64,0.7326388888888888
7,random,2,80,0.7256944444444444
7,random,2,96,0.7604166666666666
7,random,2,112,0.7291666666666666
7,random,2,128,0.7951388888888888
7,random,2,144,0.8159722222222222
7,random,2,160,0.8055555555555556
7,random,2,176,0.7881944444444444
7,random,2,192,0.78125
7,random,2,208,0.7951388888888888
7,random,2,224,0.7916666666666666
7,random,2,240,0.8125
7,random,2,256,0.8263888888888888
7,random,2,272,0.8298611111111112
7,random,2,288,0.7847222222222222
7,random,3,16,0.6319444444444444
7,random,3,32,0.6909722222222222
7,random,3,48,0.6944444444444444
7,random,3,64,0.7395833333333334
7,random,3,80,0.7777777777777778
7,random,3,96,0.7291666666666666
7,random,3,112,0.7569444444444444
7,random,3,128,0.7777777777777778
7,random,3,144,0.7986111111111112
7,random,3,160,0.7638888888888888
7,random,3,176,0.78125
7,random,3,192,0.7916666666666666
7,random,3,208,0.7881944444444444
7,random,3,224,0.8090277777777778
7,random,3,240,0.7847222222222222
7,random,3,256,0.7777777777777778
7,random,3,272,0.8194444444444444
7,random,3,288,0.7847222222222222
7,random,4,16,0.6319444444444444
7,random,4,32,0.6944444444444444
7,random,4,48,0.7673611111111112
7,random,4,64,0.7916666666666666
7,random,4,80,0.8020833333333334
7,random,4,96,0.7986111111111112
7,random,4,112,0.8159722222222222
7,random,4,128,0.8159722222222222
7,random,4,144,0.8090277777777778
7,random,4,160,0.8229166666666666
7,random,4,176,0.7916666666666666
7,random,4,192,0.8263888888888888
7,random,4,208,0.7916666666666666
7,random,4,224,0.8229166666666666
7,random,4,240,0.8263888888888888
7,random,4,256,0.8229166666666666
7,random,4,272,0.7881944444444444
7,random,4,288,0.7847222222222222
8,active,0,16,0.6388888888888888
8,active,0,32,0.6527777777777778
8,active,0,48,0.7083333333333334
8,active,0,64,0.6701388888888888
8,active,0,80,0.6944444444444444
8,active,0,96,0.6701388888888888
8,active,0,112,0.75
8,active,0,128,0.78125
8,active,0,144,0.7986111111111112
8,active,0,160,0.7916666666666666
8,active,0,176,0.7847222222222222
8,active,0,192,0.8020833333333334
8,active,0,208,0.8229166666666666
8,active,0,224,0.7743055555555556
8,active,0,240,0.8229166666666666
8,active,0,256,0.7847222222222222
8,active,0,272,0.7986111111111112
8,active,0,288,0.8055555555555556
8,as_collected,0,16,0.6388888888888888
8,as_collected,0,32,0.71875
8,as_collected,0,48,0.7708333333333334
8,as_collected,0,64,0.7604166666666666
8,as_collected,0,80,0.8020833333333334
8,as_collected,0,96,0.7777777777777778
8,as_collected,0,112,0.7847222222222222
8,as_collected,0,128,0.7777777777777778
8,as_collected,0,144,0.78125
8,as_collected,0,160,0.7986111111111112
8,as_collected,0,176,0.7708333333333334
8,as_collected,0,192,0.78125
8,as_collected,0,208,0.7777777777777778
8,as_collected,0,224,0.7777777777777778
8,as_collected,0,240,0.8020833333333334
8,as_collected,0,256,0.8020833333333334
8,as_collected,0,272,0.8020833333333334
8,as_collected,0,288,0.8055555555555556
8,random,0,16,0.6388888888888888
8,random,0,32,0.7951388888888888
8,random,0,48,0.7256944444444444
8,random,0,64,0.7777777777777778
8,random,0,80,0.7638888888888888
8,random,0,96,0.7847222222222222
8,random,0,112,0.7881944444444444
8,random,0,128,0.8055555555555556
8,random,0,144,0.7847222222222222
8,random,0,160,0.7881944444444444
8,random,0,176,0.7847222222222222
8,random,0,192,0.78125
8,random,0,208,0.7951388888888888
8,random,0,224,0.8090277777777778
8,random,0,240,0.8020833333333334
8,random,0,256,0.8020833333333334
8,random,0,272,0.8055555555555556
8,random,0,288,0.8055555555555556
8,random,1,16,0.6388888888888888
8,random,1,32,0.6180555555555556
8,random,1,48,0.7881944444444444
8,random,1,64,0.7777777777777778
8,random,1,80,0.7847222222222222
8,random,1,96,0.7881944444444444
8,random,1,112,0.7916666666666666
8,random,1,128,0.7777777777777778
8,random,1,144,0.7743055555555556
8,random,1,160,0.7881944444444444
8,random,1,176,0.7881944444444444
8,random,1,192,0.7881944444444444
8,random,1,208,0.7951388888888888
8,random,1,224,0.7916666666666666
8,random,1,240,0.8125
8,random,1,256,0.7986111111111112
8,random,1,272,0.8090277777777778
8,random,1,288,0.8055555555555556
8,random,2,16,0.6388888888888888
8,random,2,32,0.65625
8,random,2,48,0.7291666666666666
8,random,2,64,0.7604166666666666
8,random,2,80,0.7534722222222222
8,random,2,96,0.75
8,random,2,112,0.7638888888888888
8,random,2,128,0.75
8,random,2,144,0.7534722222222222
8,random,2,160,0.7534722222222222
8,random,2,176,0.78125
8,random,2,192,0.7881944444444444
8,random,2,208,0.7916666666666666
8,random,2,224,0.7881944444444444
8,random,2,240,0.7986111111111112
8,random,2,256,0.8020833333333334
8,random,2,272,0.8090277777777778
8,random,2,288,0.8055555555555556
8,random,3,16,0.6388888888888888
8,random,3,32,0.6666666666666666
8,random,3,48,0.71875
8,random,3,64,0.7395833333333334
8,random,3,80,0.6944444444444444
8,random,3,96,0.7291666666666666
8,random,3,112,0.7986111111111112
8,random,3,128,0.7916666666666666
8,random,3,144,0.8055555555555556
8,random,3,160,0.7986111111111112
8,random,3,176,0.7673611111111112
8,random,3,192,0.7916666666666666
8,random,3,208,0.8055555555555556
8,random,3,224,0.7951388888888888
8,random,3,240,0.7986111111111112
8,random,3,256,0.7986111111111112
8,random,3,272,0.8090277777777778
8,random,3,288,0.8055555555555556
8,random,4,16,0.6388888888888888
8,random,4,32,0.6770833333333334
8,random,4,48,0.7534722222222222
8,random,4,64,0.7916666666666666
8,random,4,80,0.7708333333333334
8,random,4,96,0.78125
8,random,4,112,0.7777777777777778
8,random,4,128,0.8298611111111112
8,random,4,144,0.8263888888888888
8,random,4,160,0.78125
8,random,4,176,0.8298611111111112
8,random,4,192,0.7881944444444444
8,random,4,208,0.7986111111111112
8,random,4,224,0.7986111111111112
8,random,4,240,0.8125
8,random,4,256,0.8159722222222222
8,random,4,272,0.8090277777777778
8,random,4,288,0.8055555555555556
9,active,0,16,0.4236111111111111
9,active,0,32,0.7395833333333334
9,active,0,48,0.7118055555555556
9,active,0,64,0.7326388888888888
9,active,0,80,0.7465277777777778
9,active,0,96,0.8090277777777778
9,active,0,112,0.8055555555555556
9,active,0,128,0.8055555555555556
9,active,0,144,0.8159722222222222
9,active,0,160,0.7916666666666666
9,active,0,176,0.8125
9,active,0,192,0.8229166666666666
9,active,0,208,0.8090277777777778
9,active,0,224,0.8090277777777778
9,active,0,240,0.84375
9,active,0,256,0.8298611111111112
9,active,0,272,0.8402777777777778
9,active,0,288,0.8402777777777778
9,as_collected,0,16,0.4236111111111111
9,as_collected,0,32,0.5520833333333334
9,as_collected,0,48,0.6736111111111112
9,as_collected,0,64,0.7222222222222222
9,as_collected,0,80,0.6979166666666666
9,as_collected,0,96,0.7430555555555556
9,as_collected,0,112,0.75
9,as_collected,0,128,0.7604166666666666
9,as_collected,0,144,0.7638888888888888
9,as_collected,0,160,0.75
9,as_collected,0,176,0.78125
9,as_collected,0,192,0.8090277777777778
9,as_collected,0,208,0.7986111111111112
9,as_collected,0,224,0.8090277777777778
9,as_collected,0,240,0.8159722222222222
9,as_collected,0,256,0.8298611111111112
9,as_collected,0,272,0.8333333333333334
9,as_collected,0,288,0.8402777777777778
9,random,0,16,0.4236111111111111
9,random,0,32,0.7048611111111112
9,random,0,48,0.6909722222222222
9,random,0,64,0.6805555555555556
9,random,0,80,0.6458333333333334
9,random,0,96,0.6909722222222222
9,random,0,112,0.75
9,random,0,128,0.6736111111111112
9,random,0,144,0.7569444444444444
9,random,0,160,0.7743055555555556
9,random,0,176,0.7986111111111112
9,random,0,192,0.8055555555555556
9,random,0,208,0.8159722222222222
9,random,0,224,0.8090277777777778
9,random,0,240,0.8194444444444444
9,random,0,256,0.8159722222222222
9,random,0,272,0.8333333333333334
9,random,0,288,0.8402777777777778
9,random,1,16,0.4236111111111111
9,random,1,32,0.6979166666666666
9,random,1,48,0.7256944444444444
9,random,1,64,0.7534722222222222
9,random,1,80,0.7395833333333334
9,random,1,96,0.7465277777777778
9,random,1,112,0.7673611111111112
9,random,1,128,0.7847222222222222
9,random,1,144,0.7083333333333334
9,random,1,160,0.7777777777777778
9,random,1,176,0.7743055555555556
9,random,1,192,0.7777777777777778
9,random,1,208,0.7881944444444444
9,random,1,224,0.7986111111111112
9,random,1,240,0.7916666666666666
9,random,1,256,0.8020833333333334
9,random,1,272,0.8263888888888888
9,random,1,288,0.8402777777777778
9,random,2,16,0.4236111111111111
9,random,2,32,0.6215277777777778
9,random,2,48,0.71875
9,random,2,64,0.75
9,random,2,80,0.65625
9,random,2,96,0.6979166666666666
9,random,2,112,0.7361111111111112
9,random,2,128,0.71875
9,random,2,144,0.7222222222222222
9,random,2,160,0.71875
9,random,2,176,0.7013888888888888
9,random,2,192,0.71875
9,random,2,208,0.8263888888888888
9,random,2,224,0.8090277777777778
9,random,2,240,0.8263888888888888
9,random,2,256,0.8229166666666666
9,random,2,272,0.8159722222222222
9,random,2,288,0.8402777777777778
9,random,3,16,0.4236111111111111
9,random,3,32,0.7013888888888888
9,random,3,48,0.71875
9,random,3,64,0.6666666666666666
9,random,3,80,0.7465277777777778
9,random,3,96,0.7673611111111112
9,random,3,112,0.8020833333333334
9,random,3,128,0.8159722222222222
9,random,3,144,0.7951388888888888
9,random,3,160,0.7986111111111112
9,random,3,176,0.8055555555555556
9,random,3,192,0.8055555555555556
9,random,3,208,0.8055555555555556
9,random,3,224,0.8125
9,random,3,240,0.8020833333333334
9,random,3,256,0.8090277777777778
9,random,3,272,0.8368055555555556
9,random,3,288,0.8402777777777778
9,random,4,16,0.4236111111111111
9,random,4,32,0.6354166666666666
9,random,4,48,0.6493055555555556
9,random,4,64,0.6875
9,random,4,80,0.7951388888888888
9,random,4,96,0.7777777777777778
9,random,4,112,0.7638888888888888
9,random,4,128,0.75
9,random,4,144,0.6944444444444444
9,random,4,160,0.6840277777777778
9,random,4,176,0.65625
9,random,4,192,0.7465277777777778
9,random,4,208,0.7743055555555556
9,random,4,224,0.7673611111111112
9,random,4,240,0.7847222222222222
9,random,4,256,0.7777777777777778
9,random,4,272,0.8263888888888888
9,random,4,288,0.8402777777777778
