subject,n_trials,repeat,method,accuracy
1,8,0,raw_ai,0.71875
1,8,0,raw_le,0.7291666666666666
1,8,0,shrunk,0.71875
1,8,1,raw_ai,0.71875
1,8,1,raw_le,0.7326388888888888
1,8,1,shrunk,0.7222222222222222
1,8,2,raw_ai,0.6770833333333334
1,8,2,raw_le,0.6805555555555556
1,8,2,shrunk,0.7013888888888888
1,8,3,raw_ai,0.7222222222222222
1,8,3,raw_le,0.7222222222222222
1,8,3,shrunk,0.7222222222222222
1,8,4,raw_ai,0.6840277777777778
1,8,4,raw_le,0.7048611111111112
1,8,4,shrunk,0.6979166666666666
1,16,0,raw_ai,0.8055555555555556
1,16,0,raw_le,0.8159722222222222
1,16,0,shrunk,0.8125
1,16,1,raw_ai,0.7847222222222222
1,16,1,raw_le,0.7916666666666666
1,16,1,shrunk,0.78125
1,16,2,raw_ai,0.7708333333333334
1,16,2,raw_le,0.7777777777777778
1,16,2,shrunk,0.7743055555555556
1,16,3,raw_ai,0.8229166666666666
1,16,3,raw_le,0.8194444444444444
1,16,3,shrunk,0.8194444444444444
1,16,4,raw_ai,0.8090277777777778
1,16,4,raw_le,0.8055555555555556
1,16,4,shrunk,0.8125
1,32,0,raw_ai,0.7152777777777778
1,32,0,raw_le,0.7118055555555556
1,32,0,shrunk,0.7083333333333334
1,32,1,raw_ai,0.7916666666666666
1,32,1,raw_le,0.78125
1,32,1,shrunk,0.7847222222222222
1,32,2,raw_ai,0.7847222222222222
1,32,2,raw_le,0.78125
1,32,2,shrunk,0.78125
1,32,3,raw_ai,0.78125
1,32,3,raw_le,0.78125
1,32,3,shrunk,0.7847222222222222
1,32,4,raw_ai,0.7986111111111112
1,32,4,raw_le,0.7951388888888888
1,32,4,shrunk,0.8055555555555556
1,64,0,raw_ai,0.8229166666666666
1,64,0,raw_le,0.8020833333333334
1,64,0,shrunk,0.8125
1,64,1,raw_ai,0.7638888888888888
1,64,1,raw_le,0.7708333333333334
1,64,1,shrunk,0.7638888888888888
1,64,2,raw_ai,0.8194444444444444
1,64,2,raw_le,0.8159722222222222
1,64,2,shrunk,0.8159722222222222
1,64,3,raw_ai,0.8229166666666666
1,64,3,raw_le,0.8090277777777778
1,64,3,shrunk,0.8055555555555556
1,64,4,raw_ai,0.8159722222222222
1,64,4,raw_le,0.8229166666666666
1,64,4,shrunk,0.8229166666666666
1,128,0,raw_ai,0.8020833333333334
1,128,0,raw_le,0.7986111111111112
1,128,0,shrunk,0.8090277777777778
1,128,1,raw_ai,0.8020833333333334
1,128,1,raw_le,0.8055555555555556
1,128,1,shrunk,0.8125
1,128,2,raw_ai,0.8055555555555556
1,128,2,raw_le,0.8020833333333334
1,128,2,shrunk,0.8125
1,128,3,raw_ai,0.8055555555555556
1,128,3,raw_le,0.8125
1,128,3,shrunk,0.8159722222222222
1,128,4,raw_ai,0.8159722222222222
1,128,4,raw_le,0.8159722222222222
1,128,4,shrunk,0.8125
1,288,0,raw_ai,0.8125
1,288,0,raw_le,0.8159722222222222
1,288,0,shrunk,0.8229166666666666
2,8,0,raw_ai,0.4756944444444444
2,8,0,raw_le,0.4652777777777778
2,8,0,shrunk,0.4895833333333333
2,8,1,raw_ai,0.4097222222222222
2,8,1,raw_le,0.4097222222222222
2,8,1,shrunk,0.3472222222222222
2,8,2,raw_ai,0.4166666666666667
2,8,2,raw_le,0.4131944444444444
2,8,2,shrunk,0.3888888888888889
2,8,3,raw_ai,0.3958333333333333
2,8,3,raw_le,0.3958333333333333
2,8,3,shrunk,0.3611111111111111
2,8,4,raw_ai,0.3958333333333333
2,8,4,raw_le,0.3993055555555556
2,8,4,shrunk,0.3229166666666667
2,16,0,raw_ai,0.4375
2,16,0,raw_le,0.4479166666666667
2,16,0,shrunk,0.3576388888888889
2,16,1,raw_ai,0.4375
2,16,1,raw_le,0.4618055555555556
2,16,1,shrunk,0.4236111111111111
2,16,2,raw_ai,0.40625
2,16,2,raw_le,0.4131944444444444
2,16,2,shrunk,0.3611111111111111
2,16,3,raw_ai,0.4270833333333333
2,16,3,raw_le,0.4375
2,16,3,shrunk,0.3854166666666667
2,16,4,raw_ai,0.4895833333333333
2,16,4,raw_le,0.4861111111111111
2,16,4,shrunk,0.4097222222222222
2,32,0,raw_ai,0.4166666666666667
2,32,0,raw_le,0.4131944444444444
2,32,0,shrunk,0.3611111111111111
2,32,1,raw_ai,0.4270833333333333
2,32,1,raw_le,0.4201388888888889
2,32,1,shrunk,0.3958333333333333
2,32,2,raw_ai,0.4201388888888889
2,32,2,raw_le,0.4201388888888889
2,32,2,shrunk,0.3472222222222222
2,32,3,raw_ai,0.40625
2,32,3,raw_le,0.4097222222222222
2,32,3,shrunk,0.3958333333333333
2,32,4,raw_ai,0.4583333333333333
2,32,4,raw_le,0.4652777777777778
2,32,4,shrunk,0.4097222222222222
2,64,0,raw_ai,0.4618055555555556
2,64,0,raw_le,0.4756944444444444
2,64,0,shrunk,0.4236111111111111
2,64,1,raw_ai,0.4305555555555556
2,64,1,raw_le,0.4305555555555556
2,64,1,shrunk,0.3923611111111111
2,64,2,raw_ai,0.4409722222222222
2,64,2,raw_le,0.4409722222222222
2,64,2,shrunk,0.4166666666666667
2,64,3,raw_ai,0.4305555555555556
2,64,3,raw_le,0.4375
2,64,3,shrunk,0.3958333333333333
2,64,4,raw_ai,0.4618055555555556
2,64,4,raw_le,0.4895833333333333
2,64,4,shrunk,0.4166666666666667
2,128,0,raw_ai,0.4409722222222222
2,128,0,raw_le,0.4513888888888889
2,128,0,shrunk,0.3993055555555556
2,128,1,raw_ai,0.4236111111111111
2,128,1,raw_le,0.4305555555555556
2,128,1,shrunk,0.375
2,128,2,raw_ai,0.4375
2,128,2,raw_le,0.4479166666666667
2,128,2,shrunk,0.3958333333333333
2,128,3,raw_ai,0.4236111111111111
2,128,3,raw_le,0.4375
2,128,3,shrunk,0.3784722222222222
2,128,4,raw_ai,0.4166666666666667
2,128,4,raw_le,0.4340277777777778
2,128,4,shrunk,0.3715277777777778
2,288,0,raw_ai,0.4201388888888889
2,288,0,raw_le,0.4236111111111111
2,288,0,shrunk,0.3680555555555556
3,8,0,raw_ai,0.8020833333333334
3,8,0,raw_le,0.7777777777777778
3,8,0,shrunk,0.7951388888888888
3,8,1,raw_ai,0.7847222222222222
3,8,1,raw_le,0.7881944444444444
3,8,1,shrunk,0.7881944444444444
3,8,2,raw_ai,0.7881944444444444
3,8,2,raw_le,0.78125
3,8,2,shrunk,0.7916666666666666
3,8,3,raw_ai,0.8159722222222222
3,8,3,raw_le,0.8090277777777778
3,8,3,shrunk,0.8125
3,8,4,raw_ai,0.8159722222222222
3,8,4,raw_le,0.8090277777777778
3,8,4,shrunk,0.8159722222222222
3,16,0,raw_ai,0.8159722222222222
3,16,0,raw_le,0.8055555555555556
3,16,0,shrunk,0.8125
3,16,1,raw_ai,0.8229166666666666
3,16,1,raw_le,0.8125
3,16,1,shrunk,0.8159722222222222
3,16,2,raw_ai,0.7916666666666666
3,16,2,raw_le,0.7881944444444444
3,16,2,shrunk,0.7847222222222222
3,16,3,raw_ai,0.8020833333333334
3,16,3,raw_le,0.7951388888888888
3,16,3,shrunk,0.8055555555555556
3,16,4,raw_ai,0.7986111111111112
3,16,4,raw_le,0.8020833333333334
3,16,4,shrunk,0.8090277777777778
3,32,0,raw_ai,0.8020833333333334
3,32,0,raw_le,0.7986111111111112
3,32,0,shrunk,0.7986111111111112
3,32,1,raw_ai,0.7951388888888888
3,32,1,raw_le,0.7881944444444444
3,32,1,shrunk,0.78125
3,32,2,raw_ai,0.8263888888888888
3,32,2,raw_le,0.8159722222222222
3,32,2,shrunk,0.8194444444444444
3,32,3,raw_ai,0.8090277777777778
3,32,3,raw_le,0.8020833333333334
3,32,3,shrunk,0.8055555555555556
3,32,4,raw_ai,0.8090277777777778
3,32,4,raw_le,0.8090277777777778
3,32,4,shrunk,0.8090277777777778
3,64,0,raw_ai,0.8020833333333334
3,64,0,raw_le,0.7986111111111112
3,64,0,shrunk,0.7916666666666666
3,64,1,raw_ai,0.8229166666666666
3,64,1,raw_le,0.8090277777777778
3,64,1,shrunk,0.8194444444444444
3,64,2,raw_ai,0.8125
3,64,2,raw_le,0.8055555555555556
3,64,2,shrunk,0.8090277777777778
3,64,3,raw_ai,0.8194444444444444
3,64,3,raw_le,0.8090277777777778
3,64,3,shrunk,0.8194444444444444
3,64,4,raw_ai,0.8159722222222222
3,64,4,raw_le,0.8020833333333334
3,64,4,shrunk,0.8055555555555556
3,128,0,raw_ai,0.8194444444444444
3,128,0,raw_le,0.8020833333333334
3,128,0,shrunk,0.8090277777777778
3,128,1,raw_ai,0.8159722222222222
3,128,1,raw_le,0.8020833333333334
3,128,1,shrunk,0.8055555555555556
3,128,2,raw_ai,0.8090277777777778
3,128,2,raw_le,0.8020833333333334
3,128,2,shrunk,0.7986111111111112
3,128,3,raw_ai,0.8194444444444444
3,128,3,raw_le,0.8159722222222222
3,128,3,shrunk,0.8229166666666666
3,128,4,raw_ai,0.8090277777777778
3,128,4,raw_le,0.7986111111111112
3,128,4,shrunk,0.8055555555555556
3,288,0,raw_ai,0.8125
3,288,0,raw_le,0.8020833333333334
3,288,0,shrunk,0.8020833333333334
4,8,0,raw_ai,0.6111111111111112
4,8,0,raw_le,0.6076388888888888
4,8,0,shrunk,0.6111111111111112
4,8,1,raw_ai,0.6354166666666666
4,8,1,raw_le,0.6145833333333334
4,8,1,shrunk,0.6215277777777778
4,8,2,raw_ai,0.6458333333333334
4,8,2,raw_le,0.6388888888888888
4,8,2,shrunk,0.6458333333333334
4,8,3,raw_ai,0.6041666666666666
4,8,3,raw_le,0.6076388888888888
4,8,3,shrunk,0.59375
4,8,4,raw_ai,0.6041666666666666
4,8,4,raw_le,0.6145833333333334
4,8,4,shrunk,0.6041666666666666
4,16,0,raw_ai,0.6215277777777778
4,16,0,raw_le,0.625
4,16,0,shrunk,0.6423611111111112
4,16,1,raw_ai,0.6215277777777778
4,16,1,raw_le,0.6284722222222222
4,16,1,shrunk,0.6458333333333334
4,16,2,raw_ai,0.6388888888888888
4,16,2,raw_le,0.625
4,16,2,shrunk,0.6284722222222222
4,16,3,raw_ai,0.6180555555555556
4,16,3,raw_le,0.6145833333333334
4,16,3,shrunk,0.625
4,16,4,raw_ai,0.625
4,16,4,raw_le,0.6215277777777778
4,16,4,shrunk,0.6145833333333334
4,32,0,raw_ai,0.6319444444444444
4,32,0,raw_le,0.6180555555555556
4,32,0,shrunk,0.6354166666666666
4,32,1,raw_ai,0.6354166666666666
4,32,1,raw_le,0.6284722222222222
4,32,1,shrunk,0.6284722222222222
4,32,2,raw_ai,0.6284722222222222
4,32,2,raw_le,0.6493055555555556
4,32,2,shrunk,0.6388888888888888
4,32,3,raw_ai,0.6388888888888888
4,32,3,raw_le,0.6423611111111112
4,32,3,shrunk,0.6423611111111112
4,32,4,raw_ai,0.6284722222222222
4,32,4,raw_le,0.6145833333333334
4,32,4,shrunk,0.6180555555555556
4,64,0,raw_ai,0.6388888888888888
4,64,0,raw_le,0.625
4,64,0,shrunk,0.6215277777777778
4,64,1,raw_ai,0.6354166666666666
4,64,1,raw_le,0.6319444444444444
4,64,1,shrunk,0.6215277777777778
4,64,2,raw_ai,0.6423611111111112
4,64,2,raw_le,0.6354166666666666
4,64,2,shrunk,0.6284722222222222
4,64,3,raw_ai,0.6354166666666666
4,64,3,raw_le,0.6319444444444444
4,64,3,shrunk,0.6145833333333334
4,64,4,raw_ai,0.6319444444444444
4,64,4,raw_le,0.6180555555555556
4,64,4,shrunk,0.6215277777777778
4,128,0,raw_ai,0.6493055555555556
4,128,0,raw_le,0.6319444444444444
4,128,0,shrunk,0.6388888888888888
4,128,1,raw_ai,0.625
4,128,1,raw_le,0.6180555555555556
4,128,1,shrunk,0.6180555555555556
4,128,2,raw_ai,0.6388888888888888
4,128,2,raw_le,0.6284722222222222
4,128,2,shrunk,0.625
4,128,3,raw_ai,0.6319444444444444
4,128,3,raw_le,0.6319444444444444
4,128,3,shrunk,0.6111111111111112
4,128,4,raw_ai,0.6493055555555556
4,128,4,raw_le,0.6423611111111112
4,128,4,shrunk,0.625
4,288,0,raw_ai,0.6423611111111112
4,288,0,raw_le,0.6284722222222222
4,288,0,shrunk,0.6111111111111112
5,8,0,raw_ai,0.3819444444444444
5,8,0,raw_le,0.3784722222222222
5,8,0,shrunk,0.3715277777777778
5,8,1,raw_ai,0.3888888888888889
5,8,1,raw_le,0.3854166666666667
5,8,1,shrunk,0.3854166666666667
5,8,2,raw_ai,0.3784722222222222
5,8,2,raw_le,0.3784722222222222
5,8,2,shrunk,0.3819444444444444
5,8,3,raw_ai,0.4097222222222222
5,8,3,raw_le,0.4027777777777778
5,8,3,shrunk,0.3888888888888889
5,8,4,raw_ai,0.3993055555555556
5,8,4,raw_le,0.3958333333333333
5,8,4,shrunk,0.3819444444444444
5,16,0,raw_ai,0.3611111111111111
5,16,0,raw_le,0.3611111111111111
5,16,0,shrunk,0.3368055555555556
5,16,1,raw_ai,0.375
5,16,1,raw_le,0.3715277777777778
5,16,1,shrunk,0.3715277777777778
5,16,2,raw_ai,0.375
5,16,2,raw_le,0.3715277777777778
5,16,2,shrunk,0.3645833333333333
5,16,3,raw_ai,0.3923611111111111
5,16,3,raw_le,0.3854166666666667
5,16,3,shrunk,0.3819444444444444
5,16,4,raw_ai,0.3784722222222222
5,16,4,raw_le,0.3784722222222222
5,16,4,shrunk,0.375
5,32,0,raw_ai,0.3784722222222222
5,32,0,raw_le,0.3854166666666667
5,32,0,shrunk,0.3888888888888889
5,32,1,raw_ai,0.3784722222222222
5,32,1,raw_le,0.3819444444444444
5,32,1,shrunk,0.3854166666666667
5,32,2,raw_ai,0.4027777777777778
5,32,2,raw_le,0.3958333333333333
5,32,2,shrunk,0.375
5,32,3,raw_ai,0.3854166666666667
5,32,3,raw_le,0.3923611111111111
5,32,3,shrunk,0.3680555555555556
5,32,4,raw_ai,0.3958333333333333
5,32,4,raw_le,0.3923611111111111
5,32,4,shrunk,0.3888888888888889
5,64,0,raw_ai,0.3854166666666667
5,64,0,raw_le,0.3888888888888889
5,64,0,shrunk,0.3541666666666667
5,64,1,raw_ai,0.3715277777777778
5,64,1,raw_le,0.3819444444444444
5,64,1,shrunk,0.3993055555555556
5,64,2,raw_ai,0.3888888888888889
5,64,2,raw_le,0.3784722222222222
5,64,2,shrunk,0.3819444444444444
5,64,3,raw_ai,0.3819444444444444
5,64,3,raw_le,0.3854166666666667
5,64,3,shrunk,0.3819444444444444
5,64,4,raw_ai,0.3819444444444444
5,64,4,raw_le,0.3819444444444444
5,64,4,shrunk,0.3784722222222222
5,128,0,raw_ai,0.3888888888888889
5,128,0,raw_le,0.3888888888888889
5,128,0,shrunk,0.3923611111111111
5,128,1,raw_ai,0.3854166666666667
5,128,1,raw_le,0.3958333333333333
5,128,1,shrunk,0.3854166666666667
5,128,2,raw_ai,0.3888888888888889
5,128,2,raw_le,0.3888888888888889
5,128,2,shrunk,0.3888888888888889
5,128,3,raw_ai,0.3854166666666667
5,128,3,raw_le,0.3819444444444444
5,128,3,shrunk,0.3923611111111111
5,128,4,raw_ai,0.375
5,128,4,raw_le,0.3819444444444444
5,128,4,shrunk,0.3888888888888889
5,288,0,raw_ai,0.3888888888888889
5,288,0,raw_le,0.3888888888888889
5,288,0,shrunk,0.40625
6,8,0,raw_ai,0.4583333333333333
6,8,0,raw_le,0.4548611111111111
6,8,0,shrunk,0.46875
6,8,1,raw_ai,0.4895833333333333
6,8,1,raw_le,0.4895833333333333
6,8,1,shrunk,0.4965277777777778
6,8,2,raw_ai,0.4618055555555556
6,8,2,raw_le,0.4583333333333333
6,8,2,shrunk,0.46875
6,8,3,raw_ai,0.4895833333333333
6,8,3,raw_le,0.4722222222222222
6,8,3,shrunk,0.4861111111111111
6,8,4,raw_ai,0.4756944444444444
6,8,4,raw_le,0.4756944444444444
6,8,4,shrunk,0.46875
6,16,0,raw_ai,0.4652777777777778
6,16,0,raw_le,0.46875
6,16,0,shrunk,0.4930555555555556
6,16,1,raw_ai,0.4895833333333333
6,16,1,raw_le,0.4861111111111111
6,16,1,shrunk,0.4895833333333333
6,16,2,raw_ai,0.5
6,16,2,raw_le,0.4930555555555556
6,16,2,shrunk,0.4861111111111111
6,16,3,raw_ai,0.4826388888888889
6,16,3,raw_le,0.4722222222222222
6,16,3,shrunk,0.4756944444444444
6,16,4,raw_ai,0.4861111111111111
6,16,4,raw_le,0.46875
6,16,4,shrunk,0.4756944444444444
6,32,0,raw_ai,0.4791666666666667
6,32,0,raw_le,0.4618055555555556
6,32,0,shrunk,0.4722222222222222
6,32,1,raw_ai,0.4826388888888889
6,32,1,raw_le,0.4722222222222222
6,32,1,shrunk,0.4791666666666667
6,32,2,raw_ai,0.4548611111111111
6,32,2,raw_le,0.4826388888888889
6,32,2,shrunk,0.4930555555555556
6,32,3,raw_ai,0.5
6,32,3,raw_le,0.4930555555555556
6,32,3,shrunk,0.4930555555555556
6,32,4,raw_ai,0.4965277777777778
6,32,4,raw_le,0.4861111111111111
6,32,4,shrunk,0.4861111111111111
6,64,0,raw_ai,0.5034722222222222
6,64,0,raw_le,0.4930555555555556
6,64,0,shrunk,0.4861111111111111
6,64,1,raw_ai,0.4930555555555556
6,64,1,raw_le,0.4895833333333333
6,64,1,shrunk,0.4930555555555556
6,64,2,raw_ai,0.4861111111111111
6,64,2,raw_le,0.4826388888888889
6,64,2,shrunk,0.4826388888888889
6,64,3,raw_ai,0.5
6,64,3,raw_le,0.4895833333333333
6,64,3,shrunk,0.4826388888888889
6,64,4,raw_ai,0.4861111111111111
6,64,4,raw_le,0.4791666666666667
6,64,4,shrunk,0.46875
6,128,0,raw_ai,0.5104166666666666
6,128,0,raw_le,0.5
6,128,0,shrunk,0.5034722222222222
6,128,1,raw_ai,0.5
6,128,1,raw_le,0.4895833333333333
6,128,1,shrunk,0.4965277777777778
6,128,2,raw_ai,0.4965277777777778
6,128,2,raw_le,0.4861111111111111
6,128,2,shrunk,0.4861111111111111
6,128,3,raw_ai,0.4861111111111111
6,128,3,raw_le,0.4791666666666667
6,128,3,shrunk,0.4861111111111111
6,128,4,raw_ai,0.4930555555555556
6,128,4,raw_le,0.4722222222222222
6,128,4,shrunk,0.4756944444444444
6,288,0,raw_ai,0.4930555555555556
6,288,0,raw_le,0.4826388888888889
6,288,0,shrunk,0.4826388888888889
7,8,0,raw_ai,0.7743055555555556
7,8,0,raw_le,0.7708333333333334
7,8,0,shrunk,0.78125
7,8,1,raw_ai,0.7986111111111112
7,8,1,raw_le,0.7986111111111112
7,8,1,shrunk,0.7986111111111112
7,8,2,raw_ai,0.7430555555555556
7,8,2,raw_le,0.7430555555555556
7,8,2,shrunk,0.7569444444444444
7,8,3,raw_ai,0.8020833333333334
7,8,3,raw_le,0.7847222222222222
7,8,3,shrunk,0.8194444444444444
7,8,4,raw_ai,0.7569444444444444
7,8,4,raw_le,0.7430555555555556
7,8,4,shrunk,0.7638888888888888
7,16,0,raw_ai,0.7361111111111112
7,16,0,raw_le,0.7326388888888888
7,16,0,shrunk,0.7534722222222222
7,16,1,raw_ai,0.7708333333333334
7,16,1,raw_le,0.7534722222222222
7,16,1,shrunk,0.7638888888888888
7,16,2,raw_ai,0.7569444444444444
7,16,2,raw_le,0.7569444444444444
7,16,2,shrunk,0.7673611111111112
7,16,3,raw_ai,0.7951388888888888
7,16,3,raw_le,0.7951388888888888
7,16,3,shrunk,0.7847222222222222
7,16,4,raw_ai,0.8229166666666666
7,16,4,raw_le,0.7951388888888888
7,16,4,shrunk,0.8055555555555556
7,32,0,raw_ai,0.7569444444444444
7,32,0,raw_le,0.7569444444444444
7,32,0,shrunk,0.7534722222222222
7,32,1,raw_ai,0.7777777777777778
7,32,1,raw_le,0.7604166666666666
7,32,1,shrunk,0.7743055555555556
7,32,2,raw_ai,0.7465277777777778
7,32,2,raw_le,0.7430555555555556
7,32,2,shrunk,0.7430555555555556
7,32,3,raw_ai,0.7361111111111112
7,32,3,raw_le,0.7326388888888888
7,32,3,shrunk,0.7569444444444444
7,32,4,raw_ai,0.7847222222222222
7,32,4,raw_le,0.7777777777777778
7,32,4,shrunk,0.8020833333333334
7,64,0,raw_ai,0.7986111111111112
7,64,0,raw_le,0.7777777777777778
7,64,0,shrunk,0.7881944444444444
7,64,1,raw_ai,0.7916666666666666
7,64,1,raw_le,0.7708333333333334
7,64,1,shrunk,0.7708333333333334
7,64,2,raw_ai,0.7743055555555556
7,64,2,raw_le,0.7534722222222222
7,64,2,shrunk,0.7604166666666666
7,64,3,raw_ai,0.7673611111111112
7,64,3,raw_le,0.7604166666666666
7,64,3,shrunk,0.7569444444444444
7,64,4,raw_ai,0.8090277777777778
7,64,4,raw_le,0.7986111111111112
7,64,4,shrunk,0.7916666666666666
7,128,0,raw_ai,0.7638888888888888
7,128,0,raw_le,0.7604166666666666
7,128,0,shrunk,0.7534722222222222
7,128,1,raw_ai,0.8055555555555556
7,128,1,raw_le,0.7881944444444444
7,128,1,shrunk,0.7708333333333334
7,128,2,raw_ai,0.7743055555555556
7,128,2,raw_le,0.7638888888888888
7,128,2,shrunk,0.7743055555555556
7,128,3,raw_ai,0.7708333333333334
7,128,3,raw_le,0.7534722222222222
7,128,3,shrunk,0.7847222222222222
7,128,4,raw_ai,0.7951388888888888
7,128,4,raw_le,0.78125
7,128,4,shrunk,0.7847222222222222
7,288,0,raw_ai,0.7951388888888888
7,288,0,raw_le,0.7743055555555556
7,288,0,shrunk,0.7708333333333334
8,8,0,raw_ai,0.7465277777777778
8,8,0,raw_le,0.7326388888888888
8,8,0,shrunk,0.7326388888888888
8,8,1,raw_ai,0.7048611111111112
8,8,1,raw_le,0.7013888888888888
8,8,1,shrunk,0.7152777777777778
8,8,2,raw_ai,0.7465277777777778
8,8,2,raw_le,0.7465277777777778
8,8,2,shrunk,0.7430555555555556
8,8,3,raw_ai,0.7847222222222222
8,8,3,raw_le,0.7743055555555556
8,8,3,shrunk,0.7951388888888888
8,8,4,raw_ai,0.7673611111111112
8,8,4,raw_le,0.7673611111111112
8,8,4,shrunk,0.7743055555555556
8,16,0,raw_ai,0.7951388888888888
8,16,0,raw_le,0.7986111111111112
8,16,0,shrunk,0.8055555555555556
8,16,1,raw_ai,0.7777777777777778
8,16,1,raw_le,0.7847222222222222
8,16,1,shrunk,0.78125
8,16,2,raw_ai,0.78125
8,16,2,raw_le,0.7916666666666666
8,16,2,shrunk,0.7951388888888888
8,16,3,raw_ai,0.8020833333333334
8,16,3,raw_le,0.8020833333333334
8,16,3,shrunk,0.7916666666666666
8,16,4,raw_ai,0.7881944444444444
8,16,4,raw_le,0.8020833333333334
8,16,4,shrunk,0.8090277777777778
8,32,0,raw_ai,0.7777777777777778
8,32,0,raw_le,0.78125
8,32,0,shrunk,0.7708333333333334
8,32,1,raw_ai,0.7743055555555556
8,32,1,raw_le,0.7777777777777778
8,32,1,shrunk,0.7708333333333334
8,32,2,raw_ai,0.7708333333333334
8,32,2,raw_le,0.7673611111111112
8,32,2,shrunk,0.7569444444444444
8,32,3,raw_ai,0.7777777777777778
8,32,3,raw_le,0.7847222222222222
8,32,3,shrunk,0.7986111111111112
8,32,4,raw_ai,0.7916666666666666
8,32,4,raw_le,0.7986111111111112
8,32,4,shrunk,0.7986111111111112
8,64,0,raw_ai,0.8020833333333334
8,64,0,raw_le,0.7951388888888888
8,64,0,shrunk,0.7881944444444444
8,64,1,raw_ai,0.7916666666666666
8,64,1,raw_le,0.7951388888888888
8,64,1,shrunk,0.78125
8,64,2,raw_ai,0.7881944444444444
8,64,2,raw_le,0.7881944444444444
8,64,2,shrunk,0.7881944444444444
8,64,3,raw_ai,0.7951388888888888
8,64,3,raw_le,0.7916666666666666
8,64,3,shrunk,0.7881944444444444
8,64,4,raw_ai,0.7916666666666666
8,64,4,raw_le,0.7951388888888888
8,64,4,shrunk,0.78125
8,128,0,raw_ai,0.7881944444444444
8,128,0,raw_le,0.7951388888888888
8,128,0,shrunk,0.7881944444444444
8,128,1,raw_ai,0.7881944444444444
8,128,1,raw_le,0.7951388888888888
8,128,1,shrunk,0.7916666666666666
8,128,2,raw_ai,0.7951388888888888
8,128,2,raw_le,0.7951388888888888
8,128,2,shrunk,0.7916666666666666
8,128,3,raw_ai,0.7881944444444444
8,128,3,raw_le,0.7951388888888888
8,128,3,shrunk,0.7916666666666666
8,128,4,raw_ai,0.7881944444444444
8,128,4,raw_le,0.7986111111111112
8,128,4,shrunk,0.7951388888888888
8,288,0,raw_ai,0.7881944444444444
8,288,0,raw_le,0.7951388888888888
8,288,0,shrunk,0.7916666666666666
9,8,0,raw_ai,0.8090277777777778
9,8,0,raw_le,0.8020833333333334
9,8,0,shrunk,0.8229166666666666
9,8,1,raw_ai,0.7673611111111112
9,8,1,raw_le,0.7534722222222222
9,8,1,shrunk,0.7708333333333334
9,8,2,raw_ai,0.8298611111111112
9,8,2,raw_le,0.8298611111111112
9,8,2,shrunk,0.8229166666666666
9,8,3,raw_ai,0.7569444444444444
9,8,3,raw_le,0.7430555555555556
9,8,3,shrunk,0.8020833333333334
9,8,4,raw_ai,0.7951388888888888
9,8,4,raw_le,0.7916666666666666
9,8,4,shrunk,0.7951388888888888
9,16,0,raw_ai,0.6597222222222222
9,16,0,raw_le,0.6597222222222222
9,16,0,shrunk,0.6875
9,16,1,raw_ai,0.84375
9,16,1,raw_le,0.8263888888888888
9,16,1,shrunk,0.8159722222222222
9,16,2,raw_ai,0.8055555555555556
9,16,2,raw_le,0.7777777777777778
9,16,2,shrunk,0.8159722222222222
9,16,3,raw_ai,0.8090277777777778
9,16,3,raw_le,0.7916666666666666
9,16,3,shrunk,0.8194444444444444
9,16,4,raw_ai,0.7118055555555556
9,16,4,raw_le,0.7118055555555556
9,16,4,shrunk,0.7673611111111112
9,32,0,raw_ai,0.8125
9,32,0,raw_le,0.7847222222222222
9,32,0,shrunk,0.8333333333333334
9,32,1,raw_ai,0.8402777777777778
9,32,1,raw_le,0.84375
9,32,1,shrunk,0.8298611111111112
9,32,2,raw_ai,0.7777777777777778
9,32,2,raw_le,0.7638888888888888
9,32,2,shrunk,0.8194444444444444
9,32,3,raw_ai,0.84375
9,32,3,raw_le,0.8229166666666666
9,32,3,shrunk,0.8333333333333334
9,32,4,raw_ai,0.7916666666666666
9,32,4,raw_le,0.7673611111111112
9,32,4,shrunk,0.8229166666666666
9,64,0,raw_ai,0.78125
9,64,0,raw_le,0.7604166666666666
9,64,0,shrunk,0.8125
9,64,1,raw_ai,0.7916666666666666
9,64,1,raw_le,0.7673611111111112
9,64,1,shrunk,0.8229166666666666
9,64,2,raw_ai,0.7604166666666666
9,64,2,raw_le,0.7465277777777778
9,64,2,shrunk,0.7951388888888888
9,64,3,raw_ai,0.8368055555555556
9,64,3,raw_le,0.8263888888888888
9,64,3,shrunk,0.8333333333333334
9,64,4,raw_ai,0.8229166666666666
9,64,4,raw_le,0.7951388888888888
9,64,4,shrunk,0.8298611111111112
9,128,0,raw_ai,0.8506944444444444
9,128,0,raw_le,0.8541666666666666
9,128,0,shrunk,0.8333333333333334
9,128,1,raw_ai,0.8194444444444444
9,128,1,raw_le,0.8090277777777778
9,128,1,shrunk,0.8402777777777778
9,128,2,raw_ai,0.8194444444444444
9,128,2,raw_le,0.7951388888888888
9,128,2,shrunk,0.8368055555555556
9,128,3,raw_ai,0.8263888888888888
9,128,3,raw_le,0.8229166666666666
9,128,3,shrunk,0.8402777777777778
9,128,4,raw_ai,0.8263888888888888
9,128,4,raw_le,0.8194444444444444
9,128,4,shrunk,0.8333333333333334
9,288,0,raw_ai,0.8159722222222222
9,288,0,raw_le,0.7951388888888888
9,288,0,shrunk,0.8368055555555556
