subject,channel_set,n_channels,acc_none,acc_none_ci_low,acc_none_ci_high,acc_none_vs_full22_p,acc_align,acc_align_ci_low,acc_align_ci_high,acc_align_vs_full22_p
1,full_22,22,0.7847222222222222,0.7336702978143094,0.8282786475572962,1.0,0.8090277777777778,0.7596806659021595,0.8502395309036075,1.0
1,central_17,17,0.8090277777777778,0.7596806659021595,0.8502395309036075,0.3367836351899315,0.8229166666666666,0.7746636988048947,0.8626686416775359,0.617719317029696
1,narrow_9,9,0.7013888888888888,0.6461653993197427,0.7513106839918808,0.008771714457060136,0.7465277777777778,0.6932702400950131,0.7932953101657673,0.024746035842440804
2,full_22,22,0.4236111111111111,0.36791643403164165,0.4813167757467079,1.0,0.4444444444444444,0.3881615420223848,0.5021898832709603,1.0
2,central_17,17,0.40625,0.3511232061149284,0.46384482406759153,0.5831321542611763,0.4166666666666667,0.36119059327125974,0.474336544668758,0.3408909412200971
2,narrow_9,9,0.3194444444444444,0.2682744229122219,0.3753677092911498,0.010090139809438573,0.3923611111111111,0.33774038365351716,0.44981550285233907,0.137367971355652
3,full_22,22,0.7673611111111112,0.7152395464286257,0.8124442193471506,1.0,0.8159722222222222,0.76716060162845,0.8564656670156489,1.0
3,central_17,17,0.7638888888888888,0.7115671520618748,0.8092635777947352,1.0,0.7916666666666666,0.7410761277698796,0.8345788894400578,0.18924713134765625
3,narrow_9,9,0.7326388888888888,0.6787072582799694,0.7804461483041475,0.13249816396273675,0.7534722222222222,0.7005762408803435,0.7996953812187687,0.007915897334896727
4,full_22,22,0.5868055555555556,0.5291578353975294,0.6421680625816188,1.0,0.6076388888888888,0.5501844971476608,0.6622596163464827,1.0
4,central_17,17,0.4895833333333333,0.43236804903328413,0.547072843209218,0.0041651140158244435,0.5104166666666666,0.4529271567907818,0.5676319509667157,0.004609105461459271
4,narrow_9,9,0.4861111111111111,0.42895108897142137,0.5436367673519148,0.002479419793816073,0.4965277777777778,0.4392101635908194,0.5539368004900145,0.0007317100653124087
5,full_22,22,0.3402777777777778,0.28798047160635554,0.3967798761120119,1.0,0.4236111111111111,0.36791643403164165,0.4813167757467079,1.0
5,central_17,17,0.4027777777777778,0.3477731526632143,0.46034184160013975,0.03558272445223169,0.4166666666666667,0.36119059327125974,0.474336544668758,0.906294324703081
5,narrow_9,9,0.3159722222222222,0.26500167111904244,0.37178742516516344,0.5546010666648727,0.3993055555555556,0.34442598950863906,0.4568359688355491,0.5726564757939477
6,full_22,22,0.4756944444444444,0.41871661522843856,0.5333121333373998,1.0,0.4930555555555556,0.4357877408981614,0.5505061872635066,1.0
6,central_17,17,0.3993055555555556,0.34442598950863906,0.4568359688355491,0.011526409654363478,0.4861111111111111,0.42895108897142137,0.5436367673519148,0.9121566075526029
6,narrow_9,9,0.4236111111111111,0.36791643403164165,0.4813167757467079,0.14179337454474714,0.4097222222222222,0.35447613811535195,0.46734492798633387,0.022297661824692932
7,full_22,22,0.625,0.5677871658018221,0.6789221272881512,1.0,0.7847222222222222,0.7336702978143094,0.8282786475572962,1.0
7,central_17,17,0.6840277777777778,0.6282125748348364,0.7349983288809574,0.005988120567053557,0.7881944444444444,0.7373707355790251,0.8314312457117465,1.0
7,narrow_9,9,0.6805555555555556,0.6246322907088501,0.731725577087778,0.04022356409571669,0.7534722222222222,0.7005762408803435,0.7996953812187687,0.2806097176983541
8,full_22,22,0.7881944444444444,0.7373707355790251,0.8314312457117465,1.0,0.8055555555555556,0.7559490835833523,0.8471180773032491,1.0
8,central_17,17,0.7777777777777778,0.7262839466700189,0.8219589268632548,0.755228657504631,0.7777777777777778,0.7262839466700189,0.8219589268632548,0.21532714972272515
8,narrow_9,9,0.6944444444444444,0.6389738632532503,0.7447961482200414,0.002799053877277624,0.6979166666666666,0.6425678751020711,0.7480551722903862,0.00015210657584807538
9,full_22,22,0.8090277777777778,0.7596806659021595,0.8502395309036075,1.0,0.8402777777777778,0.7935298789657493,0.878067641112511,1.0
9,central_17,17,0.7777777777777778,0.7262839466700189,0.8219589268632548,0.14961278438568115,0.7881944444444444,0.7373707355790251,0.8314312457117465,0.016673847800120715
9,narrow_9,9,0.6979166666666666,0.6425678751020711,0.7480551722903862,4.4337048166198656e-07,0.7222222222222222,0.6678263151359657,0.7707679836906532,6.240408438884516e-07
