subject,feature_set,accuracy,ci_low,ci_high,n_correct,n_total,p_vs_chance
1,whole_grid,0.3125,0.26173230511198087,0.3682037552530591,90,288,0.009773923264759935
1,central_roi,0.3368055555555556,0.28468798348270896,0.39321932831649253,97,288,0.0006030798426617354
2,whole_grid,0.28125,0.2324656888113312,0.3357930482812155,81,288,0.12439025127283056
2,central_roi,0.22916666666666666,0.18437962809238395,0.2810835702126739,66,288,0.8111399589456073
3,whole_grid,0.2743055555555556,0.22600212326505717,0.32855054198915773,79,288,0.1875203263747771
3,central_roi,0.2465277777777778,0.2003046187812312,0.29942375911965624,71,288,0.5765796613877688
4,whole_grid,0.3229166666666667,0.2715505314050351,0.3789446367175027,93,288,0.003231370745362036
4,central_roi,0.2881944444444444,0.23894420493863128,0.3430206039922472,83,288,0.07807154641344734
5,whole_grid,0.2673611111111111,0.21955385169585243,0.3212927417200306,77,288,0.26783738838576726
5,central_roi,0.2604166666666667,0.21312124222390716,0.31401927935364404,75,288,0.3631167338580144
6,whole_grid,0.23958333333333334,0.1939214852972701,0.2921008207652855,69,288,0.6798793351794573
6,central_roi,0.3298611111111111,0.27811270689501416,0.3860885330658554,95,288,0.0014370175656290736
7,whole_grid,0.2222222222222222,0.17804107313674508,0.27371605332998084,64,288,0.8771813064205353
7,central_roi,0.24305555555555555,0.1971109049984206,0.2957644369833009,70,288,0.6293130612954139
8,whole_grid,0.3194444444444444,0.2682744229122219,0.3753677092911498,92,288,0.004741404967274399
8,central_roi,0.3368055555555556,0.28468798348270896,0.39321932831649253,97,288,0.0006030798426617354
9,whole_grid,0.3472222222222222,0.29457502858821405,0.40389139096848514,100,288,0.000147116072186603
9,central_roi,0.3680555555555556,0.314433784701414,0.42515085037028083,106,288,5.93727600538295e-06
