subject,acc_csp,acc_combined,ci_low,ci_high,improvement,mcnemar_p
1,0.7847222222222222,0.6840277777777778,0.6282125748348364,0.7349983288809574,-0.10069444444444442,0.00020372185740785698
2,0.4236111111111111,0.4513888888888889,0.3949322334306643,0.5091252637010126,0.02777777777777779,0.3019956131896606
3,0.7673611111111112,0.7638888888888888,0.7115671520618748,0.8092635777947352,-0.003472222222222321,1.0
4,0.5868055555555556,0.5590277777777778,0.5012819749032712,0.6152196357225493,-0.02777777777777779,0.22948101302608848
5,0.3402777777777778,0.3229166666666667,0.2715505314050351,0.3789446367175027,-0.017361111111111105,0.48685024166479707
6,0.4756944444444444,0.4479166666666667,0.39154550047952075,0.5056589607329903,-0.027777777777777735,0.22948101302608848
7,0.625,0.6041666666666666,0.5466728064863964,0.6589182710885811,-0.02083333333333337,0.28627872467041016
8,0.7881944444444444,0.7430555555555556,0.6896234474356513,0.7900890669059634,-0.04513888888888884,0.0191572904586792
9,0.8090277777777778,0.7673611111111112,0.7152395464286257,0.8124442193471506,-0.04166666666666663,0.022655844688415527
