subject,csp_only,wavelet_only,rocket_only,combined_lda,combined,n_correct,n_total
1,0.7847222222222222,0.3194444444444444,0.5625,0.5451388888888888,0.6770833333333334,195,288
2,0.4236111111111111,0.28125,0.2361111111111111,0.2326388888888889,0.3472222222222222,100,288
3,0.7673611111111112,0.3159722222222222,0.59375,0.5763888888888888,0.7256944444444444,209,288
4,0.5868055555555556,0.3020833333333333,0.4305555555555556,0.4131944444444444,0.5034722222222222,145,288
5,0.3402777777777778,0.24305555555555555,0.2847222222222222,0.28125,0.3472222222222222,100,288
6,0.4756944444444444,0.2638888888888889,0.3819444444444444,0.3854166666666667,0.4305555555555556,124,288
7,0.625,0.28125,0.4965277777777778,0.4861111111111111,0.5277777777777778,152,288
8,0.7881944444444444,0.2743055555555556,0.5138888888888888,0.5138888888888888,0.6631944444444444,191,288
9,0.8090277777777778,0.34375,0.6388888888888888,0.6180555555555556,0.7083333333333334,204,288
