subject,within_session_acc,within_session_std,cross_session_acc,cross_session_ci_low,cross_session_ci_high,gap,gap_beyond_within_session_noise,cross_session_above_chance
1,0.7723169993950393,0.04824287513536758,0.7847222222222222,0.7336702978143094,0.8282786475572962,-0.012405222827182927,0,1
2,0.4883605565638234,0.06165986556564978,0.4236111111111111,0.36791643403164165,0.4813167757467079,0.06474944545271227,0,1
3,0.8632183908045977,0.036522794327358075,0.7673611111111112,0.7152395464286257,0.8124442193471506,0.09585727969348656,1,1
4,0.5010465819721719,0.06400001382708297,0.5868055555555556,0.5291578353975294,0.6421680625816188,-0.08575897358338369,0,1
5,0.3538777979431337,0.059287067415096185,0.3402777777777778,0.28798047160635554,0.3967798761120119,0.013600020165355886,0,1
6,0.5087658802177859,0.05661703130692117,0.4756944444444444,0.41871661522843856,0.5333121333373998,0.033071435773341484,0,1
7,0.7600786448880822,0.05021132406043699,0.625,0.5677871658018221,0.6789221272881512,0.1350786448880822,1,1
8,0.815946763460375,0.042945017845210355,0.7881944444444444,0.7373707355790251,0.8314312457117465,0.02775231901593056,0,1
9,0.795220810647308,0.05122463232888368,0.8090277777777778,0.7596806659021595,0.8502395309036075,-0.013806967130469805,0,1
average,0.6509813806547019,0.05230118020133409,0.6222993827160493,0.5686133075322118,0.6727658465095211,0.028681997938652504,2,9
