subject,accuracy,ci_low,ci_high,n_correct,n_total,p_vs_chance,template_omega_left_hand,template_omega_right_hand,template_omega_feet,template_omega_tongue
1,0.2673611111111111,0.21955385169585243,0.3212927417200306,77,288,0.26783738838576726,0.06798188794892446,0.07757479555847756,0.06833332656181441,0.07381333015023031
2,0.2604166666666667,0.21312124222390716,0.31401927935364404,75,288,0.3631167338580144,0.10033547361482906,0.08725716791262698,0.08641094063420329,0.09336656574108121
3,0.2569444444444444,0.2099109330940365,0.31037655256434865,74,288,0.4149088632869496,0.06532224633345063,0.061921270857462164,0.07619231882514603,0.08513247577181074
4,0.2152777777777778,0.17172135244270367,0.26632970218569046,62,288,0.9253422383827359,0.07202230134327409,0.06905599080960886,0.07114360814409573,0.07163040200709887
5,0.2534722222222222,0.2067046898342325,0.30672975990498674,73,288,0.46838724809263993,0.08111735674200946,0.07754114965029027,0.06781047610863535,0.08209530692417484
6,0.2777777777777778,0.2292320163093467,0.3321736848640341,80,288,0.1537759655185032,0.06349515147596464,0.055130040675584774,0.05233016561537877,0.06439698940241716
7,0.2638888888888889,0.21633556516760272,0.31765799232911435,76,288,0.3138566640900502,0.05915299697462865,0.06137281384681181,0.06263457973549694,0.05731942628195135
8,0.2604166666666667,0.21312124222390716,0.31401927935364404,75,288,0.3631167338580144,0.06755440111965146,0.06628987307930018,0.0649250674867658,0.07316085408183612
9,0.2638888888888889,0.21633556516760272,0.31765799232911435,76,288,0.3138566640900502,0.09468662837661054,0.07379913098517583,0.07947141674788034,0.08225898506708432
