subject,cross_session_baseline_acc,cross_session_aligned_acc,cross_session_aligned_ci_low,cross_session_aligned_ci_high,improvement,mcnemar_p_value,improvement_significant
1,0.7847222222222222,0.8090277777777778,0.7596806659021595,0.8502395309036075,0.02430555555555558,0.3240086000878364,0
2,0.4236111111111111,0.4444444444444444,0.3881615420223848,0.5021898832709603,0.020833333333333315,0.581114454176647,0
3,0.7673611111111112,0.8159722222222222,0.76716060162845,0.8564656670156489,0.04861111111111105,0.03847730828420026,1
4,0.5868055555555556,0.6076388888888888,0.5501844971476608,0.6622596163464827,0.02083333333333326,0.4513808323961257,0
5,0.3402777777777778,0.4236111111111111,0.36791643403164165,0.4813167757467079,0.08333333333333331,0.012672513952314862,1
6,0.4756944444444444,0.4930555555555556,0.4357877408981614,0.5505061872635066,0.01736111111111116,0.6029232012571504,0
7,0.625,0.7847222222222222,0.7336702978143094,0.8282786475572962,0.1597222222222222,1.5129781377543388e-07,1
8,0.7881944444444444,0.8055555555555556,0.7559490835833523,0.8471180773032491,0.01736111111111116,0.4048728942871094,0
9,0.8090277777777778,0.8402777777777778,0.7935298789657493,0.878067641112511,0.03125,0.0783538818359375,0
average,0.6222993827160493,0.6693672839506174,0.6168934157770967,0.7173824473911078,0.047067901234567895,,3
