subject,acc_full,acc_reduced,acc_concat
1,0.7847222222222222,0.7673611111111112,0.8090277777777778
2,0.4756944444444444,0.5208333333333334,0.5069444444444444
3,0.8368055555555556,0.7916666666666666,0.8472222222222222
4,0.6076388888888888,0.5868055555555556,0.5833333333333334
5,0.4791666666666667,0.4236111111111111,0.4791666666666667
6,0.5173611111111112,0.4305555555555556,0.4340277777777778
7,0.7326388888888888,0.7291666666666666,0.7951388888888888
8,0.7638888888888888,0.7847222222222222,0.7881944444444444
9,0.7986111111111112,0.7638888888888888,0.8020833333333334
