subject,accuracy,n_correct,n_total,ci_low,ci_high
1,0.6701388888888888,193,288,0.6139114669341444,0.7218872931049857
2,0.3298611111111111,95,288,0.27811270689501416,0.3860885330658554
3,0.6736111111111112,194,288,0.61748176442572,0.7251700315325763
4,0.3819444444444444,110,288,0.3277339757855045,0.4392628029628539
5,0.2534722222222222,73,288,0.2067046898342325,0.30672975990498674
6,0.3576388888888889,103,288,0.30449048251038274,0.41453504480381426
7,0.5347222222222222,154,288,0.47703715968992666,0.5914931995017323
8,0.59375,171,288,0.5361551759324085,0.6488767938850715
9,0.6180555555555556,178,288,0.5607371970371461,0.6722660242144954
